d3mIndex,video_file,activity_label
0,brush_hair/April_09_brush_hair_u_nm_np1_ba_goo_0.avi.mp4,brush_hair
1,brush_hair/April_09_brush_hair_u_nm_np1_ba_goo_1.avi.mp4,brush_hair
2,brush_hair/April_09_brush_hair_u_nm_np1_ba_goo_2.avi.mp4,brush_hair
3,brush_hair/atempting_to_brush_my_hair_brush_hair_u_nm_np2_le_goo_0.avi.mp4,brush_hair
4,brush_hair/atempting_to_brush_my_hair_brush_hair_u_nm_np2_le_goo_1.avi.mp4,brush_hair
5,brush_hair/Aussie_Brunette_Brushing_Hair_II_brush_hair_u_nm_np1_ri_med_3.avi.mp4,brush_hair
6,brush_hair/Aussie_Brunette_Brushing_Hair_II_brush_hair_u_nm_np2_le_goo_0.avi.mp4,brush_hair
7,brush_hair/Aussie_Brunette_Brushing_Hair_II_brush_hair_u_nm_np2_le_goo_1.avi.mp4,brush_hair
8,brush_hair/Aussie_Brunette_Brushing_Hair_II_brush_hair_u_nm_np2_le_med_2.avi.mp4,brush_hair
9,brush_hair/Aussie_Brunette_Brushing_Long_Hair_brush_hair_u_nm_np1_ba_med_3.avi.mp4,brush_hair
10,brush_hair/Aussie_Brunette_Brushing_Long_Hair_brush_hair_u_nm_np1_fr_goo_1.avi.mp4,brush_hair
11,brush_hair/Aussie_Brunette_Brushing_Long_Hair_brush_hair_u_nm_np1_fr_goo_2.avi.mp4,brush_hair
12,brush_hair/Aussie_Brunette_Brushing_Long_Hair_brush_hair_u_nm_np1_fr_med_0.avi.mp4,brush_hair
13,brush_hair/Blonde_being_brushed_brush_hair_f_nm_np2_ri_med_0.avi.mp4,brush_hair
14,brush_hair/Blonde_being_brushed_brush_hair_u_cm_np2_ri_med_1.avi.mp4,brush_hair
15,brush_hair/Brunette_Foxyanya_ultra_silky_long_hair_brushing_hairjob_brush_hair_f_nm_np1_fr_goo_1.avi.mp4,brush_hair
16,brush_hair/Brunette_Foxyanya_ultra_silky_long_hair_brushing_hairjob_brush_hair_f_nm_np1_fr_goo_2.avi.mp4,brush_hair
17,brush_hair/Brunette_Foxyanya_ultra_silky_long_hair_brushing_hairjob_brush_hair_f_nm_np1_fr_goo_4.avi.mp4,brush_hair
18,brush_hair/Brunette_Foxyanya_ultra_silky_long_hair_brushing_hairjob_brush_hair_f_nm_np1_le_goo_3.avi.mp4,brush_hair
19,brush_hair/Brunette_Foxyanya_ultra_silky_long_hair_brushing_hairjob_brush_hair_f_nm_np1_ri_goo_0.avi.mp4,brush_hair
20,brush_hair/Brunette_Foxyanya_ultra_silky_long_hair_brushing_hairjob_brush_hair_h_cm_np2_ri_goo_6.avi.mp4,brush_hair
21,brush_hair/Brunette_Foxyanya_ultra_silky_long_hair_brushing_hairjob_brush_hair_h_nm_np2_ri_goo_5.avi.mp4,brush_hair
22,brush_hair/brushing_hair_2_brush_hair_h_nm_np1_ba_med_0.avi.mp4,brush_hair
23,brush_hair/brushing_hair_2_brush_hair_h_nm_np1_ba_med_1.avi.mp4,brush_hair
24,brush_hair/brushing_hair_2_brush_hair_h_nm_np1_ba_med_2.avi.mp4,brush_hair
25,brush_hair/brushing_hair_brush_hair_f_cm_np2_ri_goo_0.avi.mp4,brush_hair
26,brush_hair/brushing_hair_brush_hair_f_nm_np2_ba_goo_2.avi.mp4,brush_hair
27,brush_hair/brushing_hair_brush_hair_f_nm_np2_ba_goo_4.avi.mp4,brush_hair
28,brush_hair/brushing_hair_brush_hair_f_nm_np2_ri_goo_1.avi.mp4,brush_hair
29,brush_hair/brushing_hair_brush_hair_f_nm_np2_ri_goo_3.avi.mp4,brush_hair
30,brush_hair/Brushing_Hair_with_Beth_brush_hair_h_nm_np1_le_goo_0.avi.mp4,brush_hair
31,brush_hair/Brushing_Hair_with_Beth_brush_hair_u_nm_np1_fr_goo_1.avi.mp4,brush_hair
32,brush_hair/Brushing_Hair_with_Beth_brush_hair_u_nm_np1_fr_goo_2.avi.mp4,brush_hair
33,brush_hair/Brushing_hair__the_right_way_brush_hair_u_nm_np1_fr_goo_0.avi.mp4,brush_hair
34,brush_hair/Brushing_hair__the_right_way_brush_hair_u_nm_np1_fr_goo_1.avi.mp4,brush_hair
35,brush_hair/Brushing_hair__the_right_way_brush_hair_u_nm_np1_fr_goo_2.avi.mp4,brush_hair
36,brush_hair/Brushing_Her_Hair__[_NEW_AUDIO_]_UPDATED!!!!_brush_hair_h_cm_np1_fr_goo_0.avi.mp4,brush_hair
37,brush_hair/Brushing_Her_Hair__[_NEW_AUDIO_]_UPDATED!!!!_brush_hair_h_cm_np1_le_goo_1.avi.mp4,brush_hair
38,brush_hair/Brushing_Her_Hair__[_NEW_AUDIO_]_UPDATED!!!!_brush_hair_h_cm_np1_le_goo_2.avi.mp4,brush_hair
39,brush_hair/brushing_jrs_hair_brush_hair_u_cm_np2_le_goo_1.avi.mp4,brush_hair
40,brush_hair/Brushing_my_hair_-_December_2008_brush_hair_u_cm_np1_ba_goo_1.avi.mp4,brush_hair
41,brush_hair/Brushing_my_hair_-_December_2008_brush_hair_u_cm_np1_ba_goo_2.avi.mp4,brush_hair
42,brush_hair/Brushing_my_hair_-_December_2008_brush_hair_u_nm_np1_ba_goo_0.avi.mp4,brush_hair
43,brush_hair/Brushing_my_long_hair_brush_hair_u_nm_np1_ba_goo_2.avi.mp4,brush_hair
44,brush_hair/Brushing_my_long_hair_brush_hair_u_nm_np1_fr_goo_0.avi.mp4,brush_hair
45,brush_hair/Brushing_my_long_hair_brush_hair_u_nm_np1_fr_goo_1.avi.mp4,brush_hair
46,brush_hair/Brushing_my_Long_Hair__February_2009_brush_hair_u_nm_np1_ba_goo_1.avi.mp4,brush_hair
47,brush_hair/Brushing_my_Long_Hair__February_2009_brush_hair_u_nm_np1_ba_goo_2.avi.mp4,brush_hair
48,brush_hair/Brushing_my_waist_lenth_hair_brush_hair_u_nm_np1_ba_goo_0.avi.mp4,brush_hair
49,brush_hair/Brushing_my_waist_lenth_hair_brush_hair_u_nm_np1_ba_goo_1.avi.mp4,brush_hair
50,brush_hair/Brushing_my_waist_lenth_hair_brush_hair_u_nm_np1_ba_goo_2.avi.mp4,brush_hair
51,brush_hair/brushing_raychel_s_hair_brush_hair_u_cm_np2_ri_goo_0.avi.mp4,brush_hair
52,brush_hair/brushing_raychel_s_hair_brush_hair_u_cm_np2_ri_goo_1.avi.mp4,brush_hair
53,brush_hair/brushing_raychel_s_hair_brush_hair_u_cm_np2_ri_goo_2.avi.mp4,brush_hair
54,brush_hair/brush_my_hair_without_wearing_the_glasses_brush_hair_u_nm_np1_fr_goo_0.avi.mp4,brush_hair
55,brush_hair/brush_my_hair_without_wearing_the_glasses_brush_hair_u_nm_np1_fr_goo_1.avi.mp4,brush_hair
56,brush_hair/brush_my_hair_without_wearing_the_glasses_brush_hair_u_nm_np1_fr_goo_2.avi.mp4,brush_hair
57,brush_hair/can_somebody_just_brush_my_hair!_brush_hair_u_cm_np2_ri_med_0.avi.mp4,brush_hair
58,brush_hair/Chanta!____THAT_IS_long_blonde_hair!_brush_hair_u_cm_np1_fr_goo_2.avi.mp4,brush_hair
59,brush_hair/Chanta!____THAT_IS_long_blonde_hair!_brush_hair_u_cm_np1_le_goo_0.avi.mp4,brush_hair
60,brush_hair/Chanta!____THAT_IS_long_blonde_hair!_brush_hair_u_nm_np1_ri_goo_3.avi.mp4,brush_hair
61,brush_hair/Ella_brushing_her_amazing_long_hair_brush_hair_u_cm_np1_ba_goo_0.avi.mp4,brush_hair
62,brush_hair/Ella_brushing_her_amazing_long_hair_brush_hair_u_cm_np1_ba_goo_2.avi.mp4,brush_hair
63,brush_hair/Ella_brushing_her_amazing_long_hair_brush_hair_u_cm_np1_ri_goo_1.avi.mp4,brush_hair
64,brush_hair/Ella_brushing_her_long_blonde_hair___again_brush_hair_u_cm_np1_ba_goo_0.avi.mp4,brush_hair
65,brush_hair/Ella_brushing_her_long_blonde_hair___again_brush_hair_u_cm_np1_ba_goo_2.avi.mp4,brush_hair
66,brush_hair/Ella_brushing_her_long_blonde_hair___again_brush_hair_u_cm_np1_le_goo_1.avi.mp4,brush_hair
67,brush_hair/Haarek_mmen_brush_hair_h_cm_np1_fr_goo_0.avi.mp4,brush_hair
68,brush_hair/Haarek_mmen_brush_hair_h_cm_np1_fr_goo_1.avi.mp4,brush_hair
69,brush_hair/Haarek_mmen_brush_hair_h_cm_np1_fr_goo_2.avi.mp4,brush_hair
70,brush_hair/indianrapunzels_com---silky_long_hair_brushing_brush_hair_u_cm_np2_fr_goo_0.avi.mp4,brush_hair
71,brush_hair/indianrapunzels_com---silky_long_hair_brushing_brush_hair_u_cm_np2_ri_goo_1.avi.mp4,brush_hair
72,brush_hair/Lektion_3__-_Das_Haare_b_rsten_brush_hair_h_nm_np1_fr_med_1.avi.mp4,brush_hair
73,brush_hair/Lektion_3__-_Das_Haare_b_rsten_brush_hair_h_nm_np1_fr_med_2.avi.mp4,brush_hair
74,brush_hair/Lektion_3__-_Das_Haare_b_rsten_brush_hair_h_nm_np1_le_med_0.avi.mp4,brush_hair
75,brush_hair/long_hair_Christa__brush_hair_u_nm_np1_le_goo_0.avi.mp4,brush_hair
76,brush_hair/me_brushing_my_hair_lol_i_was_being_silly_brush_hair_u_nm_np1_ba_goo_2.avi.mp4,brush_hair
77,brush_hair/me_brushing_my_hair_lol_i_was_being_silly_brush_hair_u_nm_np1_fr_goo_0.avi.mp4,brush_hair
78,brush_hair/me_brushing_my_hair_lol_i_was_being_silly_brush_hair_u_nm_np1_le_goo_1.avi.mp4,brush_hair
79,brush_hair/me_brushing_my_hair_lol_i_was_being_silly_brush_hair_u_nm_np1_ri_goo_3.avi.mp4,brush_hair
80,brush_hair/My_Hair_Routine_brush_hair_h_nm_np1_le_goo_0.avi.mp4,brush_hair
81,brush_hair/Olivia_Brushing_Hair_Playing_with_Evelyn_brush_hair_u_cm_np1_fr_goo_1.avi.mp4,brush_hair
82,brush_hair/Olivia_Brushing_Hair_Playing_with_Evelyn_brush_hair_u_cm_np2_ri_goo_0.avi.mp4,brush_hair
83,brush_hair/Prelinger_HabitPat1954_brush_hair_h_nm_np1_ba_med_2.avi.mp4,brush_hair
84,brush_hair/Prelinger_HabitPat1954_brush_hair_h_nm_np1_fr_med_26.avi.mp4,brush_hair
85,brush_hair/Prelinger_HabitPat1954_brush_hair_u_cm_np1_le_med_10.avi.mp4,brush_hair
86,brush_hair/Prelinger_HabitPat1954_brush_hair_u_nm_np1_le_goo_11.avi.mp4,brush_hair
87,brush_hair/rebecca_golden_hair_brush_hair_h_nm_np1_ba_goo_0.avi.mp4,brush_hair
88,brush_hair/red_head_brush_hair_u_cm_np1_fr_goo_1.avi.mp4,brush_hair
89,brush_hair/red_head_brush_hair_u_cm_np1_le_goo_2.avi.mp4,brush_hair
90,brush_hair/sarah_brushing_her_hair_brush_hair_h_cm_np1_ri_goo_0.avi.mp4,brush_hair
91,brush_hair/sarah_brushing_her_hair_brush_hair_h_cm_np1_ri_goo_1.avi.mp4,brush_hair
92,brush_hair/Silky_Straight_Hair_Original_brush_hair_h_nm_np1_ba_goo_0.avi.mp4,brush_hair
93,brush_hair/Silky_Straight_Hair_Original_brush_hair_h_nm_np1_ba_goo_1.avi.mp4,brush_hair
94,brush_hair/Silky_Straight_Hair_Original_brush_hair_u_nm_np1_ba_goo_2.avi.mp4,brush_hair
95,brush_hair/Slave_brush_my_hair_brush_hair_u_cm_np2_le_goo_1.avi.mp4,brush_hair
96,brush_hair/Slave_brush_my_hair_brush_hair_u_cm_np2_le_goo_2.avi.mp4,brush_hair
97,brush_hair/Trannydude___Brushing_SyntheticHair___OhNOES!__those_fukin_knots!_brush_hair_u_nm_np1_fr_goo_0.avi.mp4,brush_hair
98,brush_hair/Trannydude___Brushing_SyntheticHair___OhNOES!__those_fukin_knots!_brush_hair_u_nm_np1_fr_goo_1.avi.mp4,brush_hair
99,brush_hair/Trannydude___Brushing_SyntheticHair___OhNOES!__those_fukin_knots!_brush_hair_u_nm_np1_fr_goo_2.avi.mp4,brush_hair
100,cartwheel/(Rad)Schlag_die_Bank!_cartwheel_f_cm_np1_le_med_0.avi.mp4,cartwheel
101,cartwheel/Acrobacias_de_un_fenomeno_cartwheel_f_cm_np1_ba_bad_8.avi.mp4,cartwheel
102,cartwheel/Acrobacias_de_un_fenomeno_cartwheel_f_cm_np1_fr_bad_3.avi.mp4,cartwheel
103,cartwheel/Acrobacias_de_un_fenomeno_cartwheel_f_cm_np1_fr_bad_4.avi.mp4,cartwheel
104,cartwheel/Acrobacias_de_un_fenomeno_cartwheel_f_cm_np1_fr_bad_5.avi.mp4,cartwheel
105,cartwheel/Aerial_Cartwheel_Tutorial_By_Jujimufu_cartwheel_f_nm_np1_ri_med_0.avi.mp4,cartwheel
106,cartwheel/anna_turnen_cartwheel_f_cm_np1_le_bad_0.avi.mp4,cartwheel
107,cartwheel/Bayer__Meisterin_Teresa_Stadler_cartwheel_f_cm_np1_le_med_0.avi.mp4,cartwheel
108,cartwheel/Bayer__Meisterin_Teresa_Stadler_cartwheel_f_cm_np1_le_med_2.avi.mp4,cartwheel
109,cartwheel/Beim_Radschlag_Hose_gerissen_(Nick)_xD_cartwheel_f_cm_np1_ri_med_0.avi.mp4,cartwheel
110,cartwheel/Bodenturnen_2004_cartwheel_f_cm_np1_le_med_0.avi.mp4,cartwheel
111,cartwheel/Bodenturnen_2004_cartwheel_f_cm_np1_le_med_4.avi.mp4,cartwheel
112,cartwheel/Bodenturnen_2004_cartwheel_f_cm_np1_le_med_5.avi.mp4,cartwheel
113,cartwheel/Bodenturnen_2004_cartwheel_f_cm_np1_ri_med_2.avi.mp4,cartwheel
114,cartwheel/Bodenturnen_cartwheel_f_cm_np1_le_med_3.avi.mp4,cartwheel
115,cartwheel/Bodenturnen_cartwheel_f_cm_np1_ri_med_2.avi.mp4,cartwheel
116,cartwheel/Bodenturnen_cartwheel_f_cm_np1_ri_med_4.avi.mp4,cartwheel
117,cartwheel/Bodenturnen_im_sportunterricht_cartwheel_f_cm_np1_ri_med_2.avi.mp4,cartwheel
118,cartwheel/Bodenturnen_im_sportunterricht_cartwheel_f_cm_np1_ri_med_4.avi.mp4,cartwheel
119,cartwheel/Boden_bung_Spoho_Eignungspr_fung_cartwheel_f_cm_np1_ri_med_2.avi.mp4,cartwheel
120,cartwheel/boden__bung_gaurunde_cartwheel_f_cm_np1_le_med_0.avi.mp4,cartwheel
121,cartwheel/boden__bung_gaurunde_cartwheel_f_cm_np1_le_med_2.avi.mp4,cartwheel
122,cartwheel/cartwheels_in_heels_cartwheel_f_cm_np1_fr_med_0.avi.mp4,cartwheel
123,cartwheel/cartwheel_challange_cartwheel_f_cm_np2_le_med_0.avi.mp4,cartwheel
124,cartwheel/cartwheel_challange_cartwheel_f_cm_np2_le_med_1.avi.mp4,cartwheel
125,cartwheel/cartwheel_competition_43_year_old_vs__15_year_old_cartwheel_f_cm_np2_ri_med_0.avi.mp4,cartwheel
126,cartwheel/Cartwheel_Competition_cartwheel_f_cm_np1_le_med_0.avi.mp4,cartwheel
127,cartwheel/Cartwheel_Competition_cartwheel_f_cm_np1_le_med_2.avi.mp4,cartwheel
128,cartwheel/Cartwheel_Competition_cartwheel_f_cm_np1_le_med_4.avi.mp4,cartwheel
129,cartwheel/Cartwheel_Competition_cartwheel_f_cm_np1_ri_med_3.avi.mp4,cartwheel
130,cartwheel/Cartwheel_Competition_cartwheel_f_cm_np1_ri_med_5.avi.mp4,cartwheel
131,cartwheel/Cartwheel_Contest_cartwheel_f_cm_np1_fr_med_2.avi.mp4,cartwheel
132,cartwheel/Cartwheel_Contest_cartwheel_f_cm_np1_fr_med_3.avi.mp4,cartwheel
133,cartwheel/Cartwheel_Contest_cartwheel_f_cm_np1_fr_med_4.avi.mp4,cartwheel
134,cartwheel/Cartwheel_Contest_cartwheel_f_cm_np2_fr_med_1.avi.mp4,cartwheel
135,cartwheel/CarTwHeeL_PerFecT_cartwheel_f_cm_np1_le_med_0.avi.mp4,cartwheel
136,cartwheel/Charlottes_Brilliant_Roly_Poly__Handstand_Thingy_cartwheel_f_cm_np1_le_bad_1.avi.mp4,cartwheel
137,cartwheel/DSHS_Pflicht_Bodenturnen_BAS_1_Bachelor_Spoho_cartwheel_f_cm_np1_ri_med_0.avi.mp4,cartwheel
138,cartwheel/Ein_guter_Radschlag_cartwheel_f_cm_np1_ba_med_5.avi.mp4,cartwheel
139,cartwheel/Ein_guter_Radschlag_cartwheel_f_nm_np1_ba_med_0.avi.mp4,cartwheel
140,cartwheel/Ein_guter_Radschlag_cartwheel_f_nm_np1_ba_med_3.avi.mp4,cartwheel
141,cartwheel/Ein_guter_Radschlag_cartwheel_f_nm_np1_le_med_2.avi.mp4,cartwheel
142,cartwheel/Ein_guter_Radschlag_cartwheel_f_nm_np1_le_med_4.avi.mp4,cartwheel
143,cartwheel/Estrela_mini_kelly_cartwheel_f_cm_np1_ri_med_0.avi.mp4,cartwheel
144,cartwheel/Geena_und_die_Radschl_ge___;-)_cartwheel_f_cm_np1_fr_med_2.avi.mp4,cartwheel
145,cartwheel/Geena_und_die_Radschl_ge___;-)_cartwheel_f_cm_np1_le_med_3.avi.mp4,cartwheel
146,cartwheel/Geena_und_die_Radschl_ge___;-)_cartwheel_f_cm_np1_ri_med_0.avi.mp4,cartwheel
147,cartwheel/Geena_und_die_Radschl_ge___;-)_cartwheel_f_cm_np1_ri_med_1.avi.mp4,cartwheel
148,cartwheel/gimnasia_cartwheel_f_cm_np1_le_med_3.avi.mp4,cartwheel
149,cartwheel/Gymnastics_-_How_to_Do_a_Perfect_Cartwheel_cartwheel_f_cm_np1_le_med_1.avi.mp4,cartwheel
150,cartwheel/Gymnastics__-_Steps_to_Do_a_Cartwheel_cartwheel_f_nm_np1_le_med_0.avi.mp4,cartwheel
151,cartwheel/Handstandk_nig_cartwheel_f_cm_np1_le_med_0.avi.mp4,cartwheel
152,cartwheel/Handstandk_nig_cartwheel_f_cm_np1_ri_med_4.avi.mp4,cartwheel
153,cartwheel/How_to_Do_an_Aerial_-_Aerial_vs__Cartwheel_cartwheel_f_cm_np1_le_med_0.avi.mp4,cartwheel
154,cartwheel/How_to_Do_an_Aerial_-_Aerial_vs__Cartwheel_cartwheel_f_cm_np1_ri_med_1.avi.mp4,cartwheel
155,cartwheel/how_to_do_a_cartwheel_cartwheel_f_cm_np1_ri_med_0.avi.mp4,cartwheel
156,cartwheel/How_to_do_a_Cartwheel_cartwheel_f_nm_np1_le_med_1.avi.mp4,cartwheel
157,cartwheel/How_to_do_a_Cartwheel_cartwheel_f_nm_np1_le_med_2.avi.mp4,cartwheel
158,cartwheel/Jennis_Bodenk_r_cartwheel_f_cm_np1_fr_med_3.avi.mp4,cartwheel
159,cartwheel/Jessica_and_Gregs_Cartwheel_Competition_cartwheel_f_cm_np1_ba_med_1.avi.mp4,cartwheel
160,cartwheel/Jessica_and_Gregs_Cartwheel_Competition_cartwheel_f_cm_np1_fr_med_3.avi.mp4,cartwheel
161,cartwheel/Jessica_and_Gregs_Cartwheel_Competition_cartwheel_f_cm_np1_fr_med_5.avi.mp4,cartwheel
162,cartwheel/Jessica_and_Gregs_Cartwheel_Competition_cartwheel_f_cm_np1_fr_med_6.avi.mp4,cartwheel
163,cartwheel/Jessica_and_Gregs_Cartwheel_Competition_cartwheel_f_cm_np1_le_med_0.avi.mp4,cartwheel
164,cartwheel/Jessica_and_Gregs_Cartwheel_Competition_cartwheel_f_cm_np1_le_med_4.avi.mp4,cartwheel
165,cartwheel/Jessica_and_Gregs_Cartwheel_Competition_cartwheel_f_cm_np1_ri_med_2.avi.mp4,cartwheel
166,cartwheel/Jessica_and_Gregs_Cartwheel_Competition_cartwheel_f_cm_np1_ri_med_7.avi.mp4,cartwheel
167,cartwheel/Jessica_Heinz_-_Leverkusen_Cup_2006__floor_routine_cartwheel_f_cm_np1_le_med_5.avi.mp4,cartwheel
168,cartwheel/Jessica_Heinz_-_Leverkusen_Cup_2006__floor_routine_cartwheel_f_cm_np1_ri_med_0.avi.mp4,cartwheel
169,cartwheel/Jessica_Heinz_-_Leverkusen_Cup_2006__floor_routine_cartwheel_f_cm_np1_ri_med_4.avi.mp4,cartwheel
170,cartwheel/lea_kann_radschlag_cartwheel_f_cm_np1_ri_med_0.avi.mp4,cartwheel
171,cartwheel/Lynn_en_Chelsea_Turnen_cartwheel_f_cm_np2_le_med_0.avi.mp4,cartwheel
172,cartwheel/Mirco_turnt_die_5_2_LAD___Schraube_rw_cartwheel_f_cm_np1_le_med_2.avi.mp4,cartwheel
173,cartwheel/Mirco_turnt_die_5_2_LAD___Schraube_rw_cartwheel_f_cm_np1_ri_med_0.avi.mp4,cartwheel
174,cartwheel/Mirco_turnt_die_5_2_LAD___Schraube_rw_cartwheel_f_cm_np1_ri_med_1.avi.mp4,cartwheel
175,cartwheel/Mirco_turnt_die_5_2_LAD___Schraube_rw_cartwheel_f_cm_np1_ri_med_3.avi.mp4,cartwheel
176,cartwheel/Monica_cartwheel_f_cm_np1_le_med_0.avi.mp4,cartwheel
177,cartwheel/Monikas_Staatsexamen__Turnen_cartwheel_f_cm_np1_le_med_3.avi.mp4,cartwheel
178,cartwheel/Monikas_Staatsexamen__Turnen_cartwheel_f_cm_np1_ri_med_4.avi.mp4,cartwheel
179,cartwheel/Parada_de_mao_cartwheel_f_cm_np1_ba_med_1.avi.mp4,cartwheel
180,cartwheel/Parada_de_mao_cartwheel_f_cm_np1_fr_med_2.avi.mp4,cartwheel
181,cartwheel/Parada_de_mao_cartwheel_f_cm_np1_fr_med_3.avi.mp4,cartwheel
182,cartwheel/park_cartwheel_f_cm_np1_ba_med_0.avi.mp4,cartwheel
183,cartwheel/Projekt_SPOHO_2008_-_27_02_08_-_Training-_Bodenk_r_3_cartwheel_f_cm_np1_le_med_3.avi.mp4,cartwheel
184,cartwheel/Projekt_SPOHO_2008_-_27_02_08_-_Training-_Bodenk_r_4_cartwheel_f_cm_np1_ri_med_3.avi.mp4,cartwheel
185,cartwheel/Rush_Hour_4_Turnk_r_cartwheel_f_cm_np1_le_med_3.avi.mp4,cartwheel
186,cartwheel/Rush_Hour_4_Turnk_r_cartwheel_f_cm_np1_le_med_6.avi.mp4,cartwheel
187,cartwheel/Sabine_en_Lieke_Turnen_3_cartwheel_f_cm_np2_fr_med_0.avi.mp4,cartwheel
188,cartwheel/Simon_Bodenturnen_cartwheel_f_cm_np1_ba_med_2.avi.mp4,cartwheel
189,cartwheel/Simon_Bodenturnen_cartwheel_f_cm_np1_fr_med_4.avi.mp4,cartwheel
190,cartwheel/Turnk_r_Pippi_Michel_cartwheel_f_cm_np2_le_med_6.avi.mp4,cartwheel
191,cartwheel/turnles!!_cartwheel_f_cm_np1_ri_med_0.avi.mp4,cartwheel
192,cartwheel/turnles!!_cartwheel_f_cm_np1_ri_med_1.avi.mp4,cartwheel
193,cartwheel/turnles!!_cartwheel_f_cm_np1_ri_med_3.avi.mp4,cartwheel
194,cartwheel/turnles!!_cartwheel_f_cm_np1_ri_med_4.avi.mp4,cartwheel
195,cartwheel/turnles!!_cartwheel_f_cm_np1_ri_med_6.avi.mp4,cartwheel
196,cartwheel/Turn_pr_fung_glaser_schule_cartwheel_f_cm_np1_le_med_4.avi.mp4,cartwheel
197,cartwheel/Turn_pr_fung_glaser_schule_cartwheel_f_cm_np1_ri_med_3.avi.mp4,cartwheel
198,cartwheel/Zwei_hoffnungslose_Pflegef_lle_beim_Turnen(Part2)_cartwheel_f_cm_np1_le_bad_0.avi.mp4,cartwheel
199,cartwheel/Zwei_hoffnungslose_Pflegef_lle_beim_Turnen(Part4)_cartwheel_f_cm_np1_ri_bad_0.avi.mp4,cartwheel
200,catch/96-_Torwarttraining_1_catch_f_cm_np1_le_bad_0.avi.mp4,catch
201,catch/Ballfangen_catch_u_cm_np1_fr_goo_0.avi.mp4,catch
202,catch/Ballfangen_catch_u_cm_np1_fr_goo_1.avi.mp4,catch
203,catch/Ballfangen_catch_u_cm_np1_fr_goo_2.avi.mp4,catch
204,catch/Ball_hochwerfen_-_Rolle_-_Ball_fangen_(Timo_3)_catch_f_cm_np1_le_goo_0.avi.mp4,catch
205,catch/Ball_hochwerfen_-_Rolle_-_Ball_fangen_(Timo_3)_catch_f_cm_np1_ri_med_1.avi.mp4,catch
206,catch/Behinderten_Sport_part_2_catch_f_cm_np1_fr_bad_0.avi.mp4,catch
207,catch/Behinderten_Sport_part_2_catch_f_cm_np1_ri_bad_1.avi.mp4,catch
208,catch/Faith_Rewarded_catch_f_cm_np1_fr_med_10.avi.mp4,catch
209,catch/Fangen_und_Werfen_catch_u_nm_np1_fr_bad_0.avi.mp4,catch
210,catch/Finding_Forrester_3_catch_f_nm_np2_ba_med_7.avi.mp4,catch
211,catch/Finding_Forrester_3_catch_u_cm_np1_fr_goo_11.avi.mp4,catch
212,catch/Florian_Fromlowitz_beim_Training_der_U_21_Nationalmannschaft_catch_f_cm_np1_ri_med_0.avi.mp4,catch
213,catch/Florian_Fromlowitz_beim_Training_der_U_21_Nationalmannschaft_catch_f_cm_np1_ri_med_2.avi.mp4,catch
214,catch/Florian_Fromlowitz_beim_Training_der_U_21_Nationalmannschaft_catch_f_cm_np1_ri_med_4.avi.mp4,catch
215,catch/Florian_Fromlowitz_beim_Training_der_U_21_Nationalmannschaft_catch_u_cm_np1_le_med_1.avi.mp4,catch
216,catch/Florian_Fromlowitz_beim_Training_der_U_21_Nationalmannschaft_catch_u_cm_np1_le_med_3.avi.mp4,catch
217,catch/Florian_Fromlowitz_beim_Training_der_U_21_Nationalmannschaft_catch_u_cm_np1_le_med_5.avi.mp4,catch
218,catch/Frisbee_catch_f_cm_np1_fr_bad_2.avi.mp4,catch
219,catch/Frisbee_catch_f_cm_np1_ri_med_0.avi.mp4,catch
220,catch/Frisbee_catch_f_cm_np1_ri_med_1.avi.mp4,catch
221,catch/Goalkeeper_Training_Day_#_2_catch_f_cm_np1_ba_bad_3.avi.mp4,catch
222,catch/Goalkeeper_Training_Day_#_2_catch_f_cm_np1_ba_bad_4.avi.mp4,catch
223,catch/Goalkeeper_Training_Day_#_2_catch_f_cm_np1_ba_bad_5.avi.mp4,catch
224,catch/Goalkeeper_Training_Day_#_2_catch_f_cm_np1_fr_bad_0.avi.mp4,catch
225,catch/Goalkeeper_Training_Day_#_2_catch_f_cm_np1_fr_bad_1.avi.mp4,catch
226,catch/Goalkeeper_Training_Day_#_2_catch_f_cm_np1_fr_bad_2.avi.mp4,catch
227,catch/Goalkeeper_Training_Day_#_7_catch_f_cm_np1_ba_bad_2.avi.mp4,catch
228,catch/Goalkeeper_Training_Day_#_7_catch_f_cm_np1_le_bad_3.avi.mp4,catch
229,catch/Goalkeeper_Training_Day_#_7_catch_f_cm_np1_ri_med_0.avi.mp4,catch
230,catch/Goalkeeper_Training_Day_#_7_catch_f_cm_np1_ri_med_1.avi.mp4,catch
231,catch/Goalkeeper_Training_Day_#_7_catch_f_nm_np1_ri_bad_4.avi.mp4,catch
232,catch/Goal_Keeping_Tips_catch_f_cm_np1_fr_med_0.avi.mp4,catch
233,catch/Goal_Keeping_Tips_catch_f_cm_np1_fr_med_2.avi.mp4,catch
234,catch/Goal_Keeping_Tips_catch_u_cm_np1_fr_med_1.avi.mp4,catch
235,catch/Goal_Keeping_Tips_catch_u_cm_np1_fr_med_3.avi.mp4,catch
236,catch/Handball_Passtraining_in_der_Zweiergruppe_(1)_catch_f_cm_np1_le_med_0.avi.mp4,catch
237,catch/How_to_Play_Wide_Receiver_in_Football_-_How_to_Catch_a_High_Ball_in_Football_catch_f_nm_np1_ri_goo_0.avi.mp4,catch
238,catch/How_to_Play_Wide_Receiver_in_Football_-_How_to_Catch_a_High_Ball_in_Football_catch_f_nm_np1_ri_med_1.avi.mp4,catch
239,catch/Phillies_dad_catches_foul_ball_before_daughter_tosses_it_away_catch_f_cm_np1_ba_bad_0.avi.mp4,catch
240,catch/Seldin_Lipovic_-_Willi_Weber__Torwarttraining__catch_f_cm_np1_ba_bad_7.avi.mp4,catch
241,catch/Seldin_Lipovic_-_Willi_Weber__Torwarttraining__catch_f_cm_np1_ba_bad_8.avi.mp4,catch
242,catch/Seldin_Lipovic_-_Willi_Weber__Torwarttraining__catch_f_cm_np1_fr_bad_3.avi.mp4,catch
243,catch/Seldin_Lipovic_-_Willi_Weber__Torwarttraining__catch_f_cm_np1_fr_bad_5.avi.mp4,catch
244,catch/Seldin_Lipovic_-_Willi_Weber__Torwarttraining__catch_f_cm_np1_fr_bad_6.avi.mp4,catch
245,catch/Seldin_Lipovic_-_Willi_Weber__Torwarttraining__catch_f_cm_np1_le_bad_2.avi.mp4,catch
246,catch/Seldin_Lipovic_-_Willi_Weber__Torwarttraining__catch_f_cm_np1_le_bad_4.avi.mp4,catch
247,catch/Seldin_Lipovic_-_Willi_Weber__Torwarttraining__catch_f_cm_np1_le_med_1.avi.mp4,catch
248,catch/Seldin_Lipovic_-_Willi_Weber__Torwarttraining__catch_u_cm_np1_fr_bad_0.avi.mp4,catch
249,catch/Torwartraining_TuS_Koblenz_11_08_09_catch_f_cm_np1_le_bad_1.avi.mp4,catch
250,catch/Torwartraining_TuS_Koblenz_11_08_09_catch_f_cm_np1_le_bad_2.avi.mp4,catch
251,catch/Torwartraining_TuS_Koblenz_11_08_09_catch_f_cm_np1_ri_bad_0.avi.mp4,catch
252,catch/Torwarttraining_-_Impressionen_vom_1__FFC_Frankfurt_catch_f_cm_np1_ri_med_0.avi.mp4,catch
253,catch/Torwarttraining_-_Impressionen_vom_1__FFC_Frankfurt_catch_f_cm_np1_ri_med_1.avi.mp4,catch
254,catch/Torwarttraining_-_Impressionen_vom_1__FFC_Frankfurt_catch_f_cm_np1_ri_med_2.avi.mp4,catch
255,catch/Torwarttraining_2_(_sterreich)_catch_f_cm_np1_ba_goo_0.avi.mp4,catch
256,catch/Torwarttraining_2_(_sterreich)_catch_f_cm_np1_ba_goo_1.avi.mp4,catch
257,catch/Torwarttraining_2_(_sterreich)_catch_f_cm_np1_ba_goo_2.avi.mp4,catch
258,catch/Torwarttraining_2_(_sterreich)_catch_f_cm_np1_le_med_3.avi.mp4,catch
259,catch/Torwarttraining_2_(_sterreich)_catch_f_cm_np1_le_med_4.avi.mp4,catch
260,catch/Torwarttraining_2_(_sterreich)_catch_f_cm_np1_le_med_5.avi.mp4,catch
261,catch/Torwarttraining_3_(_sterreich)_catch_f_nm_np1_fr_med_3.avi.mp4,catch
262,catch/Torwarttraining_3_(_sterreich)_catch_f_nm_np1_fr_med_4.avi.mp4,catch
263,catch/Torwarttraining_3_(_sterreich)_catch_f_nm_np1_fr_med_5.avi.mp4,catch
264,catch/Torwarttraining_3_(_sterreich)_catch_f_nm_np1_le_med_0.avi.mp4,catch
265,catch/Torwarttraining_3_(_sterreich)_catch_f_nm_np1_le_med_1.avi.mp4,catch
266,catch/Torwarttraining_3_(_sterreich)_catch_f_nm_np1_le_med_2.avi.mp4,catch
267,catch/Torwarttraining_Arminia_Bielefeld_catch_f_cm_np1_ba_med_0.avi.mp4,catch
268,catch/Torwarttraining_Arminia_Bielefeld_catch_f_cm_np1_ba_med_1.avi.mp4,catch
269,catch/Torwarttraining_Arminia_Bielefeld_catch_f_cm_np1_ba_med_2.avi.mp4,catch
270,catch/Torwarttraining_Arminia_Bielefeld_catch_f_cm_np1_le_med_3.avi.mp4,catch
271,catch/Torwarttraining_Arminia_Bielefeld_catch_f_cm_np1_le_med_6.avi.mp4,catch
272,catch/Torwarttraining_Arminia_Bielefeld_catch_f_cm_np1_le_med_8.avi.mp4,catch
273,catch/Torwarttraining_Arminia_Bielefeld_catch_f_cm_np1_ri_med_4.avi.mp4,catch
274,catch/Torwarttraining_Arminia_Bielefeld_catch_f_cm_np1_ri_med_5.avi.mp4,catch
275,catch/Torwarttraining_Arminia_Bielefeld_catch_f_cm_np1_ri_med_7.avi.mp4,catch
276,catch/Torwarttraining_catch_f_cm_np1_ba_bad_10.avi.mp4,catch
277,catch/Torwarttraining_catch_f_cm_np1_ba_bad_8.avi.mp4,catch
278,catch/Torwarttraining_catch_f_cm_np1_ba_bad_9.avi.mp4,catch
279,catch/Torwarttraining_catch_f_cm_np1_le_bad_11.avi.mp4,catch
280,catch/Torwarttraining_catch_f_cm_np1_le_bad_3.avi.mp4,catch
281,catch/Torwarttraining_catch_f_cm_np1_le_bad_5.avi.mp4,catch
282,catch/Torwarttraining_catch_u_cm_np1_fr_bad_4.avi.mp4,catch
283,catch/Torwarttraining_catch_u_cm_np1_le_bad_6.avi.mp4,catch
284,catch/Torwarttraining_catch_u_cm_np1_le_bad_7.avi.mp4,catch
285,catch/Torwarttraining_catch_u_cm_np1_ri_med_0.avi.mp4,catch
286,catch/Torwarttraining_catch_u_cm_np1_ri_med_1.avi.mp4,catch
287,catch/Torwarttraining_catch_u_cm_np1_ri_med_2.avi.mp4,catch
288,catch/torwart_de-Camp_2009-_Training_hoher_B_lle_mit_Airbodies_catch_f_cm_np1_ba_bad_1.avi.mp4,catch
289,catch/torwart_de-Camp_2009-_Training_hoher_B_lle_mit_Airbodies_catch_f_cm_np1_ba_bad_4.avi.mp4,catch
290,catch/torwart_de-Camp_2009-_Training_hoher_B_lle_mit_Airbodies_catch_f_cm_np1_fr_bad_0.avi.mp4,catch
291,catch/torwart_de-Camp_2009-_Training_hoher_B_lle_mit_Airbodies_catch_f_cm_np1_fr_bad_2.avi.mp4,catch
292,catch/torwart_de-Camp_2009-_Training_hoher_B_lle_mit_Airbodies_catch_f_cm_np1_fr_bad_3.avi.mp4,catch
293,catch/torwart_de-Camp_2009_-_Hohe_B_lle_catch_f_cm_np1_ba_med_0.avi.mp4,catch
294,catch/torwart_de-Camp_2009_-_Hohe_B_lle_catch_f_cm_np1_ba_med_1.avi.mp4,catch
295,catch/torwart_de-Camp_2009_-_Hohe_B_lle_catch_f_cm_np1_ba_med_2.avi.mp4,catch
296,catch/torwart_de_-_Torwarttraining_Werder_Bremen_catch_f_cm_np1_ba_bad_0.avi.mp4,catch
297,catch/torwart_de_-_Torwarttraining_Werder_Bremen_catch_f_cm_np1_ba_bad_1.avi.mp4,catch
298,catch/torwart_de_-_Torwarttraining_Werder_Bremen_catch_f_cm_np1_fr_bad_2.avi.mp4,catch
299,catch/torwart_de_-_Torwarttraining_Werder_Bremen_catch_f_cm_np1_fr_bad_3.avi.mp4,catch
300,chew/#2_Gum_chew_h_nm_np1_fr_med_0.avi.mp4,chew
301,chew/#2_Gum_chew_h_nm_np1_fr_med_2.avi.mp4,chew
302,chew/AMADEUS_chew_h_nm_np1_fr_goo_7.avi.mp4,chew
303,chew/Big_League_Chew_chew_h_nm_np1_fr_goo_0.avi.mp4,chew
304,chew/Big_League_Chew_chew_h_nm_np1_fr_goo_1.avi.mp4,chew
305,chew/Big_League_Chew_chew_h_nm_np1_fr_goo_2.avi.mp4,chew
306,chew/blondeandbubbles_chew_h_nm_np1_fr_goo_0.avi.mp4,chew
307,chew/blondeandbubbles_chew_h_nm_np1_fr_goo_1.avi.mp4,chew
308,chew/Blowing_Bubbles!_chew_h_nm_np1_fr_goo_2.avi.mp4,chew
309,chew/Blowing_Bubbles!_chew_h_nm_np1_fr_med_1.avi.mp4,chew
310,chew/Bubblegum_Bubbles_chew_h_cm_np1_fr_bad_0.avi.mp4,chew
311,chew/Bubblegum_Bubbles_chew_h_cm_np1_fr_bad_1.avi.mp4,chew
312,chew/Bubblegum_Bubbles_chew_h_cm_np1_fr_bad_2.avi.mp4,chew
313,chew/Bubblegum_Wigger_chew_h_nm_np1_fr_goo_0.avi.mp4,chew
314,chew/Bubblegum_Wigger_chew_h_nm_np1_fr_goo_1.avi.mp4,chew
315,chew/Bubblegum_Wigger_chew_h_nm_np1_fr_med_2.avi.mp4,chew
316,chew/Bubble_blowing_3!_chew_h_nm_np1_le_bad_0.avi.mp4,chew
317,chew/Bubble_blowing_3!_chew_h_nm_np1_le_bad_1.avi.mp4,chew
318,chew/Bubble_blowing_3!_chew_h_nm_np1_le_bad_2.avi.mp4,chew
319,chew/Bubble_Blowing_Bubble_Gum_chew_h_nm_np1_fr_bad_0.avi.mp4,chew
320,chew/Bubble_Blowing_Bubble_Gum_chew_h_nm_np1_fr_bad_1.avi.mp4,chew
321,chew/Bubble_Blowing_Bubble_Gum_chew_h_nm_np1_fr_bad_2.avi.mp4,chew
322,chew/Bubble_gum!_XD_chew_h_cm_np1_fr_bad_2.avi.mp4,chew
323,chew/Bubble_gum!_XD_chew_h_cm_np1_fr_med_0.avi.mp4,chew
324,chew/Bubble_gum!_XD_chew_h_cm_np1_fr_med_1.avi.mp4,chew
325,chew/Bubble_Gum_Club_2_chew_h_nm_np2_fr_med_1.avi.mp4,chew
326,chew/chewing_bubble_gum_chew_h_cm_np1_ri_bad_2.avi.mp4,chew
327,chew/chewing_bubble_gum_chew_h_cm_np1_ri_med_0.avi.mp4,chew
328,chew/chewing_gum_1_chew_h_nm_np1_fr_goo_0.avi.mp4,chew
329,chew/chewing_gum_1_chew_h_nm_np1_fr_goo_1.avi.mp4,chew
330,chew/chewing_gum_1_chew_h_nm_np1_fr_goo_2.avi.mp4,chew
331,chew/chewing_gum_2_chew_h_cm_np1_fr_med_0.avi.mp4,chew
332,chew/chewing_gum_2_chew_h_cm_np1_fr_med_1.avi.mp4,chew
333,chew/Chewing_Gum_chew_h_nm_np1_fr_med_0.avi.mp4,chew
334,chew/Chewing_Gum_chew_h_nm_np1_fr_med_1.avi.mp4,chew
335,chew/cotton_candy_bubble_gum_chew_h_nm_np1_fr_med_0.avi.mp4,chew
336,chew/cotton_candy_bubble_gum_chew_h_nm_np1_fr_med_1.avi.mp4,chew
337,chew/cotton_candy_bubble_gum_chew_h_nm_np1_fr_med_2.avi.mp4,chew
338,chew/Double_bubble_in_one_big_bubble_-D_chew_h_cm_np1_fr_goo_0.avi.mp4,chew
339,chew/Double_bubble_in_one_big_bubble_-D_chew_h_nm_np1_fr_goo_1.avi.mp4,chew
340,chew/Double_bubble_in_one_big_bubble_-D_chew_h_nm_np1_fr_goo_2.avi.mp4,chew
341,chew/Dubble_bubble_compilation_-_all_on_8_pieces_chew_h_nm_np1_fr_med_0.avi.mp4,chew
342,chew/Dubble_bubble_compilation_-_all_on_8_pieces_chew_h_nm_np1_fr_med_1.avi.mp4,chew
343,chew/Dubble_bubble_compilation_-_all_on_8_pieces_chew_h_nm_np1_fr_med_2.avi.mp4,chew
344,chew/Duble_Bubble_Gum_chew_h_cm_np1_fr_bad_0.avi.mp4,chew
345,chew/Duble_Bubble_Gum_chew_h_cm_np1_fr_bad_1.avi.mp4,chew
346,chew/Duble_Bubble_Gum_chew_h_cm_np1_fr_bad_2.avi.mp4,chew
347,chew/Fun_Chewing_Gum!_chew_h_nm_np1_fr_med_0.avi.mp4,chew
348,chew/Fun_Chewing_Gum!_chew_h_nm_np1_fr_med_1.avi.mp4,chew
349,chew/Fun_Chewing_Gum!_chew_h_nm_np1_fr_med_2.avi.mp4,chew
350,chew/Fun_Chewing_Gum!_chew_h_nm_np2_fr_med_4.avi.mp4,chew
351,chew/Gum_Chewing_Girl_chew_h_nm_np1_fr_med_0.avi.mp4,chew
352,chew/Gum_Chewing_Girl_chew_h_nm_np1_fr_med_1.avi.mp4,chew
353,chew/Gum_Chewing_Girl_chew_h_nm_np1_fr_med_2.avi.mp4,chew
354,chew/How_to_Do_Basic_Mime_Skills_-_How_to_Mime_Chewing_Gum_chew_h_cm_np1_fr_med_0.avi.mp4,chew
355,chew/How_to_Do_Basic_Mime_Skills_-_How_to_Mime_Chewing_Gum_chew_h_cm_np1_fr_med_1.avi.mp4,chew
356,chew/How_to_Do_Basic_Mime_Skills_-_How_to_Mime_Chewing_Gum_chew_h_cm_np1_fr_med_2.avi.mp4,chew
357,chew/Kaugummiblase_1_chew_h_cm_np1_le_med_0.avi.mp4,chew
358,chew/Kaugummiblase_1_chew_h_cm_np1_le_med_1.avi.mp4,chew
359,chew/Kaugummiblase_1_chew_h_cm_np1_le_med_2.avi.mp4,chew
360,chew/LittleChildren_chew_h_nm_np1_fr_goo_7.avi.mp4,chew
361,chew/lol_im_so_weird___BLOWIN_BUBBLE_GUM__oops_i_burped_at_the_end_my_bad_lol_chew_h_cm_np1_fr_med_0.avi.mp4,chew
362,chew/lol_im_so_weird___BLOWIN_BUBBLE_GUM__oops_i_burped_at_the_end_my_bad_lol_chew_h_cm_np1_le_med_1.avi.mp4,chew
363,chew/lol_im_so_weird___BLOWIN_BUBBLE_GUM__oops_i_burped_at_the_end_my_bad_lol_chew_h_nm_np1_fr_med_2.avi.mp4,chew
364,chew/Loud_Chewing_chew_u_cm_np1_fr_med_0.avi.mp4,chew
365,chew/Loud_Chewing_chew_u_cm_np1_fr_med_1.avi.mp4,chew
366,chew/Massive_Bubble_Gum_Bubble_chew_h_nm_np1_le_goo_0.avi.mp4,chew
367,chew/Massive_Bubble_Gum_Bubble_chew_h_nm_np1_le_goo_1.avi.mp4,chew
368,chew/Massive_Bubble_Gum_Bubble_chew_h_nm_np1_le_goo_2.avi.mp4,chew
369,chew/Me_chewing_hubba_bubba_bubble_gum_chew_h_nm_np1_fr_bad_1.avi.mp4,chew
370,chew/Me_chewing_hubba_bubba_bubble_gum_chew_h_nm_np1_fr_bad_2.avi.mp4,chew
371,chew/Mr__Bubblegum_chew_h_nm_np1_fr_med_0.avi.mp4,chew
372,chew/Mr__Bubblegum_chew_h_nm_np1_fr_med_1.avi.mp4,chew
373,chew/Mr__Bubblegum_chew_h_nm_np1_fr_med_2.avi.mp4,chew
374,chew/prideandprejudice1_chew_u_nm_np1_fr_goo_6.avi.mp4,chew
375,chew/random_gum_chewing_chew_h_cm_np1_fr_med_0.avi.mp4,chew
376,chew/random_gum_chewing_chew_h_nm_np1_fr_med_1.avi.mp4,chew
377,chew/random_gum_chewing_chew_h_nm_np1_fr_med_2.avi.mp4,chew
378,chew/Scott_Can_t_Make_His_Bubblegum_Pop_chew_h_nm_np1_fr_med_0.avi.mp4,chew
379,chew/Scott_Can_t_Make_His_Bubblegum_Pop_chew_h_nm_np1_fr_med_1.avi.mp4,chew
380,chew/Scott_Can_t_Make_His_Bubblegum_Pop_chew_h_nm_np1_fr_med_2.avi.mp4,chew
381,chew/Sexy_girl_on_the_bed_teasing_chew_u_nm_np1_fr_med_0.avi.mp4,chew
382,chew/Sexy_girl_on_the_bed_teasing_chew_u_nm_np1_fr_med_1.avi.mp4,chew
383,chew/Sexy_girl_on_the_bed_teasing_chew_u_nm_np1_fr_med_2.avi.mp4,chew
384,chew/Sweet_Candy_Bubbles_chew_h_cm_np1_fr_med_0.avi.mp4,chew
385,chew/Sweet_Candy_Bubbles_chew_h_cm_np1_fr_med_1.avi.mp4,chew
386,chew/Sweet_Candy_Bubbles_chew_h_cm_np1_fr_med_2.avi.mp4,chew
387,chew/Tara_Bush_blowing_bubbles_5_chew_h_nm_np1_fr_goo_0.avi.mp4,chew
388,chew/Tara_Bush_blowing_bubbles_5_chew_h_nm_np1_fr_goo_2.avi.mp4,chew
389,chew/Tara_Bush_blowing_bubbles_5_chew_h_nm_np1_fr_goo_3.avi.mp4,chew
390,chew/TheBoondockSaints_chew_h_nm_np1_fr_goo_48.avi.mp4,chew
391,chew/TheBoondockSaints_chew_u_cm_np1_le_med_35.avi.mp4,chew
392,chew/TheBoondockSaints_chew_u_nm_np1_fr_med_46.avi.mp4,chew
393,chew/TheLittleShopofHorrors_chew_u_nm_np1_fr_med_8.avi.mp4,chew
394,chew/Vid_Request-_Me_Blowing_Bubbles_-P_chew_h_nm_np1_fr_med_0.avi.mp4,chew
395,chew/Vid_Request-_Me_Blowing_Bubbles_-P_chew_h_nm_np1_fr_med_1.avi.mp4,chew
396,chew/Vid_Request-_Me_Blowing_Bubbles_-P_chew_h_nm_np1_fr_med_2.avi.mp4,chew
397,chew/Wanda_Su_and_niece__T__blowing_bubbles_chew_u_nm_np2_fr_med_2.avi.mp4,chew
398,chew/Wanda_Su_and_niece__T__blowing_bubbles_chew_u_nm_np2_le_med_3.avi.mp4,chew
399,chew/WeddingCrashers_chew_h_nm_np1_fr_goo_6.avi.mp4,chew
400,clap/#20_Rhythm_clap_u_nm_np1_fr_goo_0.avi.mp4,clap
401,clap/#20_Rhythm_clap_u_nm_np1_fr_goo_1.avi.mp4,clap
402,clap/#20_Rhythm_clap_u_nm_np1_fr_goo_2.avi.mp4,clap
403,clap/#20_Rhythm_clap_u_nm_np1_le_goo_3.avi.mp4,clap
404,clap/#20_Rhythm_clap_u_nm_np1_le_goo_4.avi.mp4,clap
405,clap/103_years_old_japanese_woman__Nao_is_clapping_with_piano_music_by_beethoven_clap_u_cm_np1_fr_med_1.avi.mp4,clap
406,clap/103_years_old_japanese_woman__Nao_is_clapping_with_piano_music_by_beethoven_clap_u_nm_np1_fr_med_0.avi.mp4,clap
407,clap/Aishwarya_Rai_Burns_David_Letterman_in_his_own_show_clap_u_cm_np1_fr_bad_1.avi.mp4,clap
408,clap/Alex_applauding_himself_clap_u_cm_np1_fr_med_1.avi.mp4,clap
409,clap/Alex_applauding_himself_clap_u_nm_np1_fr_med_0.avi.mp4,clap
410,clap/Applauding_Abby_clap_u_nm_np1_fr_med_0.avi.mp4,clap
411,clap/Applauding_Abby_clap_u_nm_np1_fr_med_1.avi.mp4,clap
412,clap/A_Round_of_Applause_clap_u_cm_np1_fr_med_0.avi.mp4,clap
413,clap/A_Round_of_Applause_clap_u_cm_np1_fr_med_1.avi.mp4,clap
414,clap/Baby_Bob_kann_klatschen_!_clap_u_cm_np1_fr_med_0.avi.mp4,clap
415,clap/Baby_Bob_kann_klatschen_!_clap_u_cm_np1_fr_med_1.avi.mp4,clap
416,clap/Baby_Bob_kann_klatschen_!_clap_u_cm_np1_fr_med_2.avi.mp4,clap
417,clap/boom-snap-clap_clap_u_nm_np1_fr_med_0.avi.mp4,clap
418,clap/boom-snap-clap_clap_u_nm_np1_fr_med_1.avi.mp4,clap
419,clap/boom-snap-clap_clap_u_nm_np1_fr_med_2.avi.mp4,clap
420,clap/boom-snap-clap_clap_u_nm_np1_fr_med_3.avi.mp4,clap
421,clap/boomsnapclap!_clap_u_nm_np1_fr_med_0.avi.mp4,clap
422,clap/boomsnapclap!_clap_u_nm_np1_fr_med_1.avi.mp4,clap
423,clap/boomsnapclap!_clap_u_nm_np1_fr_med_2.avi.mp4,clap
424,clap/boom_snap_clap_(challenge)_clap_u_nm_np1_fr_med_0.avi.mp4,clap
425,clap/boom_snap_clap_(challenge)_clap_u_nm_np1_fr_med_1.avi.mp4,clap
426,clap/boom_snap_clap_(challenge)_HARDCORE_VERSION!_clap_u_nm_np1_fr_bad_0.avi.mp4,clap
427,clap/boom_snap_clap_(challenge)_HARDCORE_VERSION!_clap_u_nm_np1_fr_bad_1.avi.mp4,clap
428,clap/Boom_Snap_Clap_clap_u_nm_np1_fr_med_0.avi.mp4,clap
429,clap/Boom_Snap_Clap_clap_u_nm_np1_fr_med_1.avi.mp4,clap
430,clap/Boom__Snap__Clap!_(Challenge)_clap_u_nm_np1_fr_med_1.avi.mp4,clap
431,clap/Budam_-_Clap_Hands_clap_u_nm_np1_fr_med_0.avi.mp4,clap
432,clap/Budam_-_Clap_Hands_clap_u_nm_np1_fr_med_1.avi.mp4,clap
433,clap/Budam_-_Clap_Hands_clap_u_nm_np1_fr_med_2.avi.mp4,clap
434,clap/Clap_Hands_clap_u_nm_np1_fr_med_0.avi.mp4,clap
435,clap/Clap_Hands_clap_u_nm_np1_fr_med_1.avi.mp4,clap
436,clap/Clap_Hands_clap_u_nm_np1_fr_med_2.avi.mp4,clap
437,clap/Deutscher_Klatsch_-_The_Clap_-_Lexy_clap_f_cm_np1_fr_med_5.avi.mp4,clap
438,clap/Deutscher_Klatsch_-_The_Clap_-_Lexy_clap_f_cm_np2_ba_med_2.avi.mp4,clap
439,clap/Deutscher_Klatsch_-_The_Clap_-_Lexy_clap_f_cm_np2_ba_med_3.avi.mp4,clap
440,clap/Deutscher_Klatsch_-_The_Clap_-_Lexy_clap_f_cm_np3_fr_med_4.avi.mp4,clap
441,clap/Deutscher_Klatsch_-_The_Clap_-_Lexy_clap_f_cm_np3_fr_med_8.avi.mp4,clap
442,clap/Deutscher_Klatsch_-_The_Clap_-_Lexy_clap_f_cm_np3_fr_med_9.avi.mp4,clap
443,clap/Deutscher_Klatsch_-_The_Clap_-_Lexy_clap_u_cm_np1_fr_med_1.avi.mp4,clap
444,clap/Faith_Rewarded_clap_u_cm_np1_fr_med_43.avi.mp4,clap
445,clap/Faith_Rewarded_clap_u_cm_np1_le_med_0.avi.mp4,clap
446,clap/Faith_Rewarded_clap_u_cm_np1_ri_goo_1.avi.mp4,clap
447,clap/Faith_Rewarded_clap_u_nm_np1_fr_goo_87.avi.mp4,clap
448,clap/Finding_Forrester_3_clap_u_nm_np1_ri_med_0.avi.mp4,clap
449,clap/Flamenco_Dance_Steps_-_Flamenco_Dance_Soft_Claps_clap_u_cm_np1_fr_goo_0.avi.mp4,clap
450,clap/Flamenco_Dance_Steps_-_Flamenco_Dance_Soft_Claps_clap_u_cm_np1_fr_goo_1.avi.mp4,clap
451,clap/Flamenco_Dance_Steps_-_Flamenco_Dance_Soft_Claps_clap_u_cm_np1_fr_goo_2.avi.mp4,clap
452,clap/Glory_clap_h_nm_np1_fr_med_52.avi.mp4,clap
453,clap/Glory_clap_u_nm_np2_fr_goo_51.avi.mp4,clap
454,clap/Hand_Clapping_Game__Bim_Bum__clap_f_nm_np2_fr_med_0.avi.mp4,clap
455,clap/Hand_Clapping_Game__Bim_Bum__clap_f_nm_np2_fr_med_1.avi.mp4,clap
456,clap/Kurt_Kr_mer_-_Klatschen_im_Flugzeug_clap_f_nm_np1_fr_med_0.avi.mp4,clap
457,clap/Kurt_Kr_mer_-_Klatschen_im_Flugzeug_clap_u_cm_np1_fr_med_1.avi.mp4,clap
458,clap/Kurt_Kr_mer_-_Klatschen_im_Flugzeug_clap_u_cm_np1_ri_bad_3.avi.mp4,clap
459,clap/Kurt_Kr_mer_-_Klatschen_im_Flugzeug_clap_u_cm_np1_ri_bad_4.avi.mp4,clap
460,clap/LetThePeopleClap_clap_u_cm_np1_fr_med_1.avi.mp4,clap
461,clap/LetThePeopleClap_clap_u_cm_np1_fr_med_2.avi.mp4,clap
462,clap/Martin_klatscht_in_die_h_nde_und_FURZT_clap_u_cm_np1_fr_med_0.avi.mp4,clap
463,clap/My_Lil__Man_clapping_his_Hands_clap_u_nm_np1_fr_goo_0.avi.mp4,clap
464,clap/My_Lil__Man_clapping_his_Hands_clap_u_nm_np1_fr_med_1.avi.mp4,clap
465,clap/NotAnotherTeenMovieslowclap_clap_u_cm_np1_fr_med_1.avi.mp4,clap
466,clap/NotAnotherTeenMovieslowclap_clap_u_cm_np5_fr_med_3.avi.mp4,clap
467,clap/NotAnotherTeenMovieslowclap_clap_u_nm_np1_fr_med_0.avi.mp4,clap
468,clap/RE-_Boom_Snap_Clap_clap_u_nm_np1_fr_med_0.avi.mp4,clap
469,clap/RE-_Boom_Snap_Clap_clap_u_nm_np1_fr_med_1.avi.mp4,clap
470,clap/Return_of_the_King_12_clap_u_nm_np1_fr_goo_4.avi.mp4,clap
471,clap/Ronin_Paintball_Club_-_MY-NPL_2009_Malacca_Prize_Giving_Ceremony_Part_2_clap_u_cm_np1_ba_med_0.avi.mp4,clap
472,clap/slowclap_clap_u_nm_np1_fr_goo_0.avi.mp4,clap
473,clap/SnakesonaPlaneSlowClap_clap_u_cm_np2_fr_med_0.avi.mp4,clap
474,clap/Song_I_Can_Wave_My_Hands_-_Cullen_s_Abc_s_clap_u_cm_np1_fr_med_3.avi.mp4,clap
475,clap/Song_I_Can_Wave_My_Hands_-_Cullen_s_Abc_s_clap_u_cm_np1_fr_med_4.avi.mp4,clap
476,clap/Standing_clap_f_cm_np1_fr_med_0.avi.mp4,clap
477,clap/Standing_clap_f_cm_np1_fr_med_1.avi.mp4,clap
478,clap/that70_sshowslowclap_clap_u_nm_np1_fr_med_0.avi.mp4,clap
479,clap/Theslowclap1_clap_f_cm_np1_fr_med_0.avi.mp4,clap
480,clap/The_Slow_Clap_clap_u_cm_np1_fr_med_3.avi.mp4,clap
481,clap/The_Slow_Clap_clap_u_cm_np1_fr_med_4.avi.mp4,clap
482,clap/The_Slow_Clap_clap_u_cm_np2_fr_med_17.avi.mp4,clap
483,clap/The_Slow_Clap_clap_u_nm_np1_fr_bad_20.avi.mp4,clap
484,clap/The_Slow_Clap_clap_u_nm_np1_fr_bad_25.avi.mp4,clap
485,clap/The_Slow_Clap_clap_u_nm_np1_fr_bad_27.avi.mp4,clap
486,clap/The_Slow_Clap_clap_u_nm_np1_fr_med_0.avi.mp4,clap
487,clap/The_Slow_Clap_clap_u_nm_np1_fr_med_1.avi.mp4,clap
488,clap/The_Slow_Clap_clap_u_nm_np1_fr_med_12.avi.mp4,clap
489,clap/The_Slow_Clap_clap_u_nm_np1_fr_med_14.avi.mp4,clap
490,clap/The_Slow_Clap_clap_u_nm_np1_fr_med_2.avi.mp4,clap
491,clap/The_Slow_Clap_clap_u_nm_np1_fr_med_24.avi.mp4,clap
492,clap/The_Slow_Clap_clap_u_nm_np2_fr_bad_26.avi.mp4,clap
493,clap/The_Slow_Clap_clap_u_nm_np2_fr_med_22.avi.mp4,clap
494,clap/The_Slow_Clap_clap_u_nm_np2_fr_med_8.avi.mp4,clap
495,clap/The_Slow_Clap_clap_u_nm_np3_fr_med_11.avi.mp4,clap
496,clap/Veoh_Alpha_Dog_1_clap_u_nm_np1_fr_goo_62.avi.mp4,clap
497,clap/Wendy_playing_wii_fit_with_clapping_hands_clap_f_cm_np1_le_med_0.avi.mp4,clap
498,clap/_Boom_Snap_Clap__challenge_clap_u_nm_np1_fr_med_0.avi.mp4,clap
499,clap/_Boom_Snap_Clap__challenge_clap_u_nm_np1_fr_med_1.avi.mp4,clap
500,climb/(HQ)_Rock_Climbing_-_Free_Solo_Speed_Climb_-_Dan_Osman_climb_f_cm_np1_ba_med_0.avi.mp4,climb
501,climb/(HQ)_Rock_Climbing_-_Free_Solo_Speed_Climb_-_Dan_Osman_climb_f_cm_np1_fr_med_4.avi.mp4,climb
502,climb/(HQ)_Rock_Climbing_-_Free_Solo_Speed_Climb_-_Dan_Osman_climb_f_cm_np1_fr_med_5.avi.mp4,climb
503,climb/(HQ)_Rock_Climbing_-_Free_Solo_Speed_Climb_-_Dan_Osman_climb_f_cm_np1_le_med_1.avi.mp4,climb
504,climb/(HQ)_Rock_Climbing_-_Free_Solo_Speed_Climb_-_Dan_Osman_climb_f_cm_np1_le_med_2.avi.mp4,climb
505,climb/(HQ)_Rock_Climbing_-_Free_Solo_Speed_Climb_-_Dan_Osman_climb_f_cm_np1_le_med_3.avi.mp4,climb
506,climb/Alban_Hayoz_solo_climb_(klettern)_climb_f_cm_np1_ba_med_0.avi.mp4,climb
507,climb/Alban_Hayoz_solo_climb_(klettern)_climb_f_cm_np1_ba_med_2.avi.mp4,climb
508,climb/Alban_Hayoz_solo_climb_(klettern)_climb_f_nm_np1_ba_med_1.avi.mp4,climb
509,climb/Amazing_Wall_Climber_(Must_be_Seen_to_Be_Believed!)_climb_f_cm_np1_ba_bad_1.avi.mp4,climb
510,climb/Amazing_Wall_Climber_(Must_be_Seen_to_Be_Believed!)_climb_f_cm_np1_ba_bad_2.avi.mp4,climb
511,climb/Amazing_Wall_Climber_(Must_be_Seen_to_Be_Believed!)_climb_f_cm_np1_ri_bad_0.avi.mp4,climb
512,climb/Axel_beim_Klettern_an_der_Unisportwand_climb_f_cm_np1_ba_med_2.avi.mp4,climb
513,climb/Axel_beim_Klettern_an_der_Unisportwand_climb_f_cm_np1_ba_med_3.avi.mp4,climb
514,climb/Axel_beim_Klettern_an_der_Unisportwand_climb_f_cm_np2_ba_med_0.avi.mp4,climb
515,climb/Axel_beim_Klettern_an_der_Unisportwand_climb_f_cm_np2_ba_med_1.avi.mp4,climb
516,climb/Bristol_UCR_roof_climb_climb_f_cm_np1_ba_bad_0.avi.mp4,climb
517,climb/Bristol_UCR_roof_climb_climb_f_cm_np1_ba_bad_2.avi.mp4,climb
518,climb/Chiara_Kletterwand_climb_f_cm_np1_ba_bad_0.avi.mp4,climb
519,climb/Climbing_roof_in_TCA_climb_f_cm_np1_ba_med_0.avi.mp4,climb
520,climb/Climbing_roof_in_TCA_climb_f_cm_np1_ba_med_2.avi.mp4,climb
521,climb/Climbing_the_World_s_Tallest_Tree_climb_f_cm_np1_ba_med_0.avi.mp4,climb
522,climb/Climbing_Wall_Adventure_climb_f_cm_np1_ba_med_1.avi.mp4,climb
523,climb/Climbing_Wall_Adventure_climb_f_cm_np1_le_med_0.avi.mp4,climb
524,climb/Climbing_Wall_Traverse_climb_f_cm_np1_ba_med_0.avi.mp4,climb
525,climb/Dan_Osman_-_Speed_rock_climbing_climb_f_cm_np1_ba_bad_0.avi.mp4,climb
526,climb/Dan_Osman_-_Speed_rock_climbing_climb_f_cm_np1_ba_bad_1.avi.mp4,climb
527,climb/Dan_Osman_-_Speed_rock_climbing_climb_f_cm_np1_fr_bad_5.avi.mp4,climb
528,climb/Dan_Osman_-_Speed_rock_climbing_climb_f_cm_np1_le_bad_3.avi.mp4,climb
529,climb/Dan_Osman_-_Speed_rock_climbing_climb_f_cm_np1_le_bad_4.avi.mp4,climb
530,climb/DM_Sportklettern_2006-_Finale_Herren_-_Markus_Hoppe_climb_f_cm_np1_ri_med_0.avi.mp4,climb
531,climb/DM_Sportklettern_2006-_Finale_Herren_-_Markus_Hoppe_climb_f_cm_np1_ri_med_1.avi.mp4,climb
532,climb/DM_Sportklettern_2006-_Qualifikation_-_Andreas_Bindhammer_climb_f_cm_np1_ba_med_1.avi.mp4,climb
533,climb/DM_Sportklettern_2006-_Qualifikation_-_Andreas_Bindhammer_climb_f_cm_np1_ba_med_2.avi.mp4,climb
534,climb/DM_Sportklettern_2006-_Video_Qualifikation_-_Julia_Winter_climb_f_cm_np1_ba_med_0.avi.mp4,climb
535,climb/DM_Sportklettern_2006-_Video_Qualifikation_-_Julia_Winter_climb_f_cm_np1_ba_med_1.avi.mp4,climb
536,climb/DM_Sportklettern_2006-_Video_Qualifikation_-_Julia_Winter_climb_f_cm_np1_ba_med_2.avi.mp4,climb
537,climb/India_Monkey_King_scales_new_heights_climb_f_cm_np1_ba_bad_1.avi.mp4,climb
538,climb/India_Monkey_King_scales_new_heights_climb_f_cm_np1_ba_med_0.avi.mp4,climb
539,climb/India_Monkey_King_scales_new_heights_climb_f_cm_np1_ba_med_2.avi.mp4,climb
540,climb/India_Monkey_King_scales_new_heights_climb_f_cm_np1_ba_med_4.avi.mp4,climb
541,climb/Janini_an_der_Kletterwand_climb_f_cm_np1_ba_med_0.avi.mp4,climb
542,climb/Janini_an_der_Kletterwand_climb_f_cm_np1_ba_med_1.avi.mp4,climb
543,climb/Janini_an_der_Kletterwand_climb_f_cm_np1_ba_med_2.avi.mp4,climb
544,climb/Jez__roof_climbing_in_Mile_End_climb_f_cm_np1_ba_med_0.avi.mp4,climb
545,climb/Jez__roof_climbing_in_Mile_End_climb_f_cm_np1_ba_med_1.avi.mp4,climb
546,climb/Jez__roof_climbing_in_Mile_End_climb_f_cm_np1_ba_med_2.avi.mp4,climb
547,climb/Julius_Haushammer___Klettern_und_Bouldern___1979_climb_f_cm_np1_ba_med_0.avi.mp4,climb
548,climb/Julius_Haushammer___Klettern_und_Bouldern___1979_climb_f_cm_np1_ba_med_1.avi.mp4,climb
549,climb/Julius_Haushammer___Klettern_und_Bouldern___1979_climb_f_cm_np1_ba_med_2.avi.mp4,climb
550,climb/Kletter-WM_2005-_Bouldern_Finale_Damen__Vera_Kotasova_(CZE)_climb_f_cm_np1_ba_med_0.avi.mp4,climb
551,climb/Kletter-WM_2005-_Bouldern_Finale_Damen__Vera_Kotasova_(CZE)_climb_f_cm_np1_ba_med_1.avi.mp4,climb
552,climb/Kletter-WM_2005-_Bouldern_Finale_Damen__Vera_Kotasova_(CZE)_climb_f_cm_np1_ba_med_2.avi.mp4,climb
553,climb/Kletter-WM_2005-_Bouldern_Finale_Herren__Serik_Kazbekov_climb_f_cm_np1_ba_med_0.avi.mp4,climb
554,climb/Kletter-WM_2005-_Bouldern_Finale_Herren__Serik_Kazbekov_climb_f_cm_np1_ba_med_1.avi.mp4,climb
555,climb/Kletter-WM_2005-_Speed_Achtelfinale_Herren_Minatchev_Hroza_climb_f_cm_np2_ba_med_0.avi.mp4,climb
556,climb/Kletter-WM_2005-_Speed_Achtelfinale_Herren_Minatchev_Hroza_climb_f_cm_np2_ba_med_1.avi.mp4,climb
557,climb/Kletter-WM_2005-_Speed_Achtelfinale_Herren_Minatchev_Hroza_climb_f_cm_np2_ba_med_2.avi.mp4,climb
558,climb/Klettern_by_Kurt_Hackner_climb_f_cm_np1_ba_med_0.avi.mp4,climb
559,climb/Klettern_by_Kurt_Hackner_climb_f_cm_np1_ba_med_2.avi.mp4,climb
560,climb/Klettern_by_Kurt_Hackner_climb_f_cm_np1_le_med_1.avi.mp4,climb
561,climb/Kletterwand_climb_f_cm_np1_ba_goo_0.avi.mp4,climb
562,climb/Kletterwand_climb_f_cm_np1_ba_goo_1.avi.mp4,climb
563,climb/Kletterwand_climb_f_cm_np1_ba_goo_2.avi.mp4,climb
564,climb/Lead_Climbing_Roof_at_Stoneworks_climb_f_cm_np1_ba_med_1.avi.mp4,climb
565,climb/megan_roof_climbing_climb_f_cm_np1_ri_goo_0.avi.mp4,climb
566,climb/megan_roof_climbing_climb_f_cm_np1_ri_goo_1.avi.mp4,climb
567,climb/Mexican_Climbing_Fence_climb_f_cm_np1_ba_med_0.avi.mp4,climb
568,climb/Mexican_Climbing_Fence_climb_f_cm_np1_ba_med_1.avi.mp4,climb
569,climb/Mexican_Climbing_Fence_climb_f_cm_np1_ba_med_2.avi.mp4,climb
570,climb/Pole_Climbing_Challenging_gravity_climb_f_cm_np1_ba_med_2.avi.mp4,climb
571,climb/Pole_Climbing_Challenging_gravity_climb_f_cm_np1_le_med_0.avi.mp4,climb
572,climb/Pole_Climbing_Challenging_gravity_climb_f_cm_np1_le_med_1.avi.mp4,climb
573,climb/Pole_climbing_World_Championships_climb_f_cm_np1_le_med_3.avi.mp4,climb
574,climb/Pole_climbing_World_Championships_climb_f_nm_np1_ba_goo_0.avi.mp4,climb
575,climb/Pole_climbing_World_Championships_climb_f_nm_np1_ba_med_1.avi.mp4,climb
576,climb/Pole_climbing_World_Championships_climb_f_nm_np1_le_goo_2.avi.mp4,climb
577,climb/Return_of_the_King_4_climb_f_cm_np1_ba_med_3.avi.mp4,climb
578,climb/Rock_Climbing_-_Joshua_Tree_climb_f_nm_np1_ba_goo_0.avi.mp4,climb
579,climb/Rock_Climbing_-_Joshua_Tree_climb_f_nm_np1_ba_med_1.avi.mp4,climb
580,climb/Rock_Climbing_-_Joshua_Tree_climb_f_nm_np1_ba_med_2.avi.mp4,climb
581,climb/Rock_Climbing_Nationals_08_Emily_Harrington_and_Lauren_Lee_climb_f_cm_np1_ba_med_0.avi.mp4,climb
582,climb/Rock_Climbing_Nationals_08_Emily_Harrington_and_Lauren_Lee_climb_f_cm_np1_ba_med_1.avi.mp4,climb
583,climb/Rock_Climbing_Nationals_08_Emily_Harrington_and_Lauren_Lee_climb_f_cm_np1_ba_med_3.avi.mp4,climb
584,climb/rope_climbing_climb_f_nm_np1_ba_med_1.avi.mp4,climb
585,climb/rope_climbing_climb_f_nm_np1_fr_med_0.avi.mp4,climb
586,climb/rope_climb_Olivia_Age_4_climb_f_cm_np1_ba_med_1.avi.mp4,climb
587,climb/rope_climb_Olivia_Age_4_climb_f_cm_np1_fr_med_2.avi.mp4,climb
588,climb/rope_climb_Olivia_Age_4_climb_f_cm_np1_ri_med_0.avi.mp4,climb
589,climb/SafeInPort_climb_f_nm_np1_ba_med_0.avi.mp4,climb
590,climb/Sarah_und_die_Kletterwand_climb_f_cm_np1_ri_bad_0.avi.mp4,climb
591,climb/Sarah_und_die_Kletterwand_climb_f_cm_np1_ri_bad_1.avi.mp4,climb
592,climb/Sarah_und_die_Kletterwand_climb_f_cm_np1_ri_bad_2.avi.mp4,climb
593,climb/Seamus_OD_arms_exploding-_rope_climb_climb_f_cm_np1_ba_med_0.avi.mp4,climb
594,climb/Speed_Climbing_Contest_Sport_Schuster_M_nchen_climb_f_cm_np1_ba_med_0.avi.mp4,climb
595,climb/Speed_Climbing_Contest_Sport_Schuster_M_nchen_climb_f_cm_np1_ba_med_1.avi.mp4,climb
596,climb/Speed_Climbing_Contest_Sport_Schuster_M_nchen_climb_f_cm_np1_ba_med_2.avi.mp4,climb
597,climb/speed_rope_climbing_competition_climb_f_cm_np1_ri_med_0.avi.mp4,climb
598,climb/TANA_TEACHES_EVERONE_HOW_TO_CLIMB_A_FENCE_climb_f_cm_np1_ba_med_0.avi.mp4,climb
599,climb/The_Fugitive_5_climb_f_cm_np1_ri_med_8.avi.mp4,climb
600,test/0000.mp4,climb
601,test/0001.mp4,climb
602,test/0002.mp4,brush_hair
603,test/0003.mp4,clap
604,test/0004.mp4,brush_hair
605,test/0005.mp4,clap
606,test/0006.mp4,chew
607,test/0007.mp4,cartwheel
608,test/0008.mp4,clap
609,test/0009.mp4,climb
610,test/0010.mp4,climb
611,test/0011.mp4,cartwheel
612,test/0012.mp4,clap
613,test/0013.mp4,cartwheel
614,test/0014.mp4,clap
615,test/0015.mp4,clap
616,test/0016.mp4,brush_hair
617,test/0017.mp4,chew
618,test/0018.mp4,clap
619,test/0019.mp4,cartwheel
620,test/0020.mp4,brush_hair
621,test/0021.mp4,clap
622,test/0022.mp4,brush_hair
623,test/0023.mp4,clap
624,test/0024.mp4,chew
625,test/0025.mp4,clap
626,test/0026.mp4,clap
627,test/0027.mp4,clap
628,test/0028.mp4,clap
629,test/0029.mp4,clap
630,test/0030.mp4,climb
631,test/0031.mp4,climb
632,test/0032.mp4,catch
633,test/0033.mp4,clap
634,test/0034.mp4,clap
635,test/0035.mp4,chew
636,test/0036.mp4,clap
637,test/0037.mp4,cartwheel
638,test/0038.mp4,clap
639,test/0039.mp4,climb
640,test/0040.mp4,clap
641,test/0041.mp4,clap
642,test/0042.mp4,clap
643,test/0043.mp4,clap
644,test/0044.mp4,brush_hair
645,test/0045.mp4,chew
646,test/0046.mp4,brush_hair
647,test/0047.mp4,clap
648,test/0048.mp4,clap
649,test/0049.mp4,clap
650,test/0050.mp4,chew
651,test/0051.mp4,clap
652,test/0052.mp4,cartwheel
653,test/0053.mp4,chew
654,test/0054.mp4,chew
655,test/0055.mp4,climb
656,test/0056.mp4,chew
657,test/0057.mp4,cartwheel
658,test/0058.mp4,clap
659,test/0059.mp4,catch
660,test/0060.mp4,clap
661,test/0061.mp4,clap
662,test/0062.mp4,clap
